Holding,Symbol,Weighting
Nestle SA,NESN,2.853%
Roche Holding AG,ROG,2.0652%
Novartis AG,NOVN,2.0471%
HSBC Holdings PLC,HSBA,1.4126%
Total SA,FP,1.341%
SAP SE,SAP,1.3211%
AstraZeneca PLC,AZN,1.1849%
BP PLC,BP,1.1838%
ASML Holding NV,ASML,1.1572%
Royal Dutch Shell PLC,RDSA,1.1242%
LVMH Moet Hennessy Louis Vuitton SE,MC,1.1221%
GlaxoSmithKline PLC,GSK,1.0478%
Sanofi SA,SAN,1.0406%
Linde PLC,LIN,1.0302%
Royal Dutch Shell PLC,RDSB,1.0091%
Siemens AG,SIE,0.9455%
British American Tobacco PLC,BATS,0.9451%
Allianz SE,ALV,0.9142%
Diageo PLC,DGE,0.8879%
Novo Nordisk A/S,NOVO.B,0.8818%
Airbus SE,AIR,0.7751%
Unilever NV,UNA,0.7296%
Bayer AG,BAYN,0.7003%
L'Oreal SA,OR,0.6304%
Anheuser Busch Inbev NV,ABI,0.622%
BNP Paribas SA,BNP,0.6143%
BASF SE,BAS,0.6134%
Air Liquide SA,AI,0.5932%
Unilever PLC,ULVR,0.5882%
Rio Tinto PLC,RIO,0.5711%
Enel SpA,ENEL,0.5695%
Adidas AG,ADS,0.5647%
Zurich Insurance Group AG,ZURN,0.5616%
Vinci SA,DG,0.5579%
Reckitt Benckiser Group PLC,RB.,0.5315%
Iberdrola SA,IBE,0.5268%
AXA SA,CS,0.5217%
Lloyds Banking Group PLC,LLOY,0.5179%
Schneider Electric SE,SU,0.5074%
Safran SA,SAF,0.5006%
Deutsche Telekom AG,DTE,0.4783%
Danone SA,BN,0.4719%
Vodafone Group PLC,VOD,0.4699%
Relx PLC,REL,0.4557%
BHP Group PLC,BHP,0.455%
Prudential PLC,PRU,0.4526%
Kering SA,KER,0.452%
ING Groep NV,INGA,0.4366%
UBS Group AG,UBSG,0.4252%
Daimler AG,DAI,0.4198%
EssilorLuxottica SA,EL,0.4148%
Koninklijke Philips NV,PHIA,0.3999%
Abb Ltd,ABBN,0.3933%
National Grid PLC,NG.,0.3905%
Intesa Sanpaolo SpA,ISP,0.3862%
Muenchener Rueckversicherungs Gesellschaft AG in Muenchen,MUV2,0.3798%
Compagnie Financiere Richemont SA,CFR,0.3739%
Eni SpA,ENI,0.3652%
Industria de Diseno Textil SA,ITX,0.3606%
Compass Group PLC,CPG,0.3598%
Barclays PLC,BARC,0.3538%
Banco Bilbao Vizcaya Argentaria SA,BBVA,0.3418%
Deutsche Post AG,DPW,0.3358%
Pernod Ricard SA,RI,0.3294%
Volkswagen AG,VOW3,0.3221%
Amadeus IT Group SA,AMS,0.3199%
Anglo American PLC,AAL,0.3086%
Glencore PLC,GLEN,0.3077%
Credit Suisse Group AG,CSGN,0.3034%
UniCredit SpA,UCG,0.302%
Swiss Re AG,SREN,0.2996%
Tesco PLC,TSCO,0.2944%
Telefonica SA,TEF,0.2908%
Prosus NV,PRX,0.2895%
London Stock Exchange Group PLC,LSE,0.2839%
Engie SA,ENGI,0.2807%
CRH PLC,CRG,0.2792%
Societe Generale SA,GLE,0.2755%
Deutsche Boerse AG,DB1,0.2736%
Infineon Technologies AG,IFX,0.2731%
Orange SA,ORA,0.2724%
Experian PLC,EXPN,0.2701%
Alcon AG,ALC,0.255%
Volvo AB,VOLV.B,0.255%
LafargeHolcim Ltd,LHN,0.2535%
Vonovia SE,VNA,0.2524%
Koninklijke Ahold Delhaize NV,AD,0.2503%
Telefonaktiebolaget LM Ericsson,ERIC.B,0.249%
Lonza Group AG,LONN,0.2476%
Bayerische Motoren Werke AG,BMW,0.2432%
Kone Oyj,KNEBV,0.2426%
Assicurazioni Generali SpA,G,0.2389%
Hermes International SCA,RMS,0.2379%
Atlas Copco AB,ATCO.A,0.2369%
Heineken NV,HEIA,0.2366%
Nordea Bank Abp,NDA.SE,0.2363%
Vivendi SA,VIV,0.2296%
Investor AB,INVE.B,0.2289%
Givaudan SA,GIVN,0.228%
Legal & General Group PLC,LGEN,0.2213%
Standard Chartered PLC,STAN,0.2195%
Koninklijke DSM NV,DSM,0.2169%
Dassault Systemes SE,DSY,0.2155%
Repsol SA,REP,0.215%
Assa Abloy AB,ASSA.B,0.2129%
E.ON SE,EOAN,0.2115%
DSV Panalpina A/S,DSV,0.2111%
Equinor ASA,EQNR,0.209%
Sika AG,SIKA,0.2084%
Fresenius SE & Co KGaA,FRE,0.2084%
Nokia Oyj,NOKIA,0.2073%
BT Group PLC,BT.A,0.2066%
BAE Systems PLC,BA.,0.204%
Compagnie Generale des Etablissements Michelin SCA,ML,0.203%
Ferrari NV,RACE,0.2015%
Imperial Brands PLC,IMB,0.2011%
Sampo plc,SAMPO,0.2001%
Compagnie de Saint Gobain SA,SGO,0.1997%
Legrand SA,LR,0.1981%
Sandvik AB,SAND,0.1975%
Aviva PLC,AV.,0.196%
Ferguson PLC,FERG,0.1954%
Smith & Nephew PLC,SN.,0.195%
Geberit AG,GEBN,0.1948%
WFD Unibail Rodamco NV,URW,0.1915%
Essity AB (publ),ESSITY.B,0.1907%
Capgemini SE,CAP,0.1851%
Adyen NV,ADYEN,0.1819%
Akzo Nobel NV,AKZA,0.1801%
KBC Groep NV,KBC,0.1785%
Wolters Kluwer NV,WKL,0.1755%
Vestas Wind Systems A/S,VWS,0.1749%
Kerry Group PLC,KRZ,0.1747%
SSE PLC,SSE,0.1743%
Credit Agricole SA,ACA,0.1678%
Henkel AG & Co KGaA,HEN3,0.1673%
STMicroelectronics NV,STM,0.1667%
UPM-Kymmene Oyj,UPM,0.1634%
Deutsche Bank AG,DBK,0.1634%
WPP PLC,WPP,0.163%
RWE AG,RWE,0.1612%
Swiss Life Holding AG,SLHN,0.1571%
Partners Group Holding AG,PGHN,0.1562%
Dnb ASA,DNB,0.1562%
Rolls-Royce Holdings PLC,RR.,0.1542%
Cash Component,CASH,0.1535%
Svenska Handelsbanken AB,SHB.A,0.1502%
Orsted A/S,ORSTED,0.1501%
Merck KGaA,MRK,0.1476%
Fiat Chrysler Automobiles NV,FCA,0.1463%
H & M Hennes & Mauritz AB,HM.B,0.1458%
Chocoladefabriken Lindt & Spruengli AG,LISP,0.1455%
Hexagon AB,HEXA.B,0.1442%
Carlsberg A/S,CARL.B,0.1441%
Skandinaviska Enskilda Banken AB,SEB.A,0.1414%
MTU Aero Engines AG,MTX,0.1408%
Fresenius Medical Care AG & Co KGaA,FME,0.1403%
Melrose Industries PLC,MRO,0.1398%
Ferrovial SA,FER,0.1397%
Veolia Environnement SA,VIE,0.137%
Neste Oyj,NESTE,0.1347%
Genmab A/S,GMAB,0.1325%
Teleperformance SE,TEP,0.1319%
Wirecard AG,WDI,0.1316%
Continental AG,CON,0.1299%
Royal Bank of Scotland Group PLC,RBS,0.1296%
Ashtead Group PLC,AHT,0.1288%
Coloplast A/S,COLO.B,0.128%
Swisscom AG,SCMN,0.1276%
3i Group PLC,III,0.1247%
Informa PLC,INF,0.1242%
Aena SME SA,AENA,0.1241%
Peugeot SA,UG,0.1233%
Atlas Copco AB,ATCO.B,0.1223%
Swedbank AB,SWED.A,0.1222%
Deutsche Wohnen SE,DWNI,0.1212%
Symrise AG,SY1,0.1168%
Sonova Holding AG,SOON,0.1143%
Edenred SA,EDEN,0.1135%
Associated British Foods PLC,ABF,0.113%
SEGRO PLC,SGRO,0.1129%
Straumann Holding AG,STMN,0.1126%
InterContinental Hotels Group PLC,IHG,0.1124%
Bouygues SA,EN,0.1103%
NN Group NV,NN,0.1097%
Intertek Group PLC,ITRK,0.1088%
Next PLC,NXT,0.1083%
Burberry Group PLC,BRBY,0.1055%
Beiersdorf AG,BEI,0.1044%
Julius Baer Gruppe AG,BAER,0.1041%
Porsche Automobil Holding SE,PAH3,0.1039%
Caixabank SA,CABK,0.1033%
Hannover Rueck SE,HNR1,0.1031%
Thales SA,HO,0.1023%
Telenor ASA,TEL,0.102%
Eiffage SA,FGR,0.1019%
Persimmon PLC,PSN,0.1018%
Erste Group Bank AG,EBS,0.1015%
Cellnex Telecom SA,CLNX,0.1011%
Mowi ASA,MOWI,0.1008%
Atlantia SpA,ATL,0.0999%
SGS SA,SGSN,0.0997%
Telia Company AB,TELIA,0.0995%
Danske Bank A/S,DANSKE,0.099%
CNH Industrial NV,CNHI,0.0988%
Ageas SA,AGS,0.0988%
Snam SpA,SRG,0.0984%
ArcelorMittal SA,MT,0.0973%
HeidelbergCement AG,HEI,0.0971%
Rentokil Initial PLC,RTO,0.097%
EDP Energias de Portugal SA,EDP,0.097%
Sage Group PLC,SGE,0.0968%
Grifols SA,GRF,0.0959%
ACS Actividades de Construccion y Servicios SA,ACS,0.0952%
Fortum Oyj,FORTUM,0.0945%
Publicis Groupe SA,PUB,0.0941%
Ocado Group PLC,OCDO,0.0937%
Ucb SA,UCB,0.0936%
Adecco Group AG,ADEN,0.0931%
Koninklijke KPN NV,KPN,0.0929%
Novozymes A/S,NZYM.B,0.0928%
Schindler Holding AG,SCHP,0.0928%
Halma PLC,HLMA,0.0926%
Temenos AG,TEMN,0.0925%
Sodexo SA,SW,0.0921%
Barratt Developments PLC,BDEV,0.0911%
Flutter Entertainment PLC,FLTR,0.0909%
Mondi PLC,MNDI,0.0903%
Heineken Holding NV,HEIO,0.0893%
Standard Life Aberdeen PLC,SLA,0.0882%
Renault SA,RNO,0.0881%
Umicore SA,UMI,0.0877%
Carrefour SA,CA,0.0875%
Kingspan Group PLC,KRX,0.0858%
Swedish Match AB,SWMA,0.085%
Henkel AG & Co KGaA,HEN,0.0844%
Kuehne und Nagel International AG,KNIN,0.084%
Terna Rete Elettrica Nazionale SpA,TRN,0.0838%
Smiths Group PLC,SMIN,0.0813%
Delivery Hero SE,DHER,0.081%
Alstom SA,ALO,0.0806%
Bunzl plc,BNZL,0.0803%
Land Securities Group PLC,LAND,0.0803%
Baloise Holding AG,BALN,0.0802%
Galapagos NV,GLPG,0.0799%
Klepierre SA,LI,0.0799%
Swiss Prime Site AG,SPSN,0.0797%
EQT AB,EQT,0.0791%
Moncler SpA,MONC,0.0791%
Croda International PLC,CRDA,0.0786%
ABN Amro Bank NV,ABN,0.0779%
TechnipFMC PLC,FTI,0.0779%
Spirax-Sarco Engineering PLC,SPX,0.0777%
Skanska AB,SKA.B,0.0773%
Exor NV,EXO,0.0772%
Investor AB,INVE.A,0.0768%
Accor SA,AC,0.0768%
Roche Holding AG,RO,0.0766%
AP Moeller - Maersk A/S,MAERSK.B,0.0764%
Galp Energia SGPS SA,GALP,0.0763%
Gecina SA,GFC,0.0763%
DCC PLC,DCC,0.0762%
M&G PLC,MNG,0.0761%
United Utilities Group PLC,UU.,0.0759%
Solvay SA,SOLB,0.0757%
Red Electrica Corporacion SA,REE,0.0755%
Ryanair Holdings PLC,RYAAY,0.0755%
Stora Enso Oyj,STERV,0.0754%
Groep Brussel Lambert NV,GBLB,0.0753%
Brenntag AG,BNR,0.0749%
Taylor Wimpey PLC,TW.,0.0746%
Smurfit Kappa Group PLC,SK3,0.0744%
Whitbread PLC,WTB,0.0743%
Atos SE,ATO,0.074%
Elisa Oyj,ELISA,0.0736%
Aegon NV,AGN,0.0734%
Logitech International SA,LOGN,0.0732%
International Consolidated Airlines Group SA,IAG,0.0731%
Valeo SA,FR,0.073%
Naturgy Energy Group SA,NTGY,0.0726%
Endesa SA,ELE,0.0724%
OMV AG,OMV,0.0722%
Orkla ASA,ORK,0.0718%
St. James's Place PLC,STJ,0.0718%
Vifor Pharma AG,VIFN,0.0717%
Swatch Group AG,UHR,0.0716%
Berkeley Group Holdings PLC,BKG,0.0714%
Powszechna Kasa Oszczednosci Bank Polski SA,PKO,0.0708%
ITV PLC,ITV,0.0706%
Severn Trent PLC,SVT,0.0703%
Aroundtown SA,AT1,0.07%
Qiagen NV,QIA,0.07%
Chr Hansen Holding A/S,CHR,0.0699%
Epiroc AB,EPI.A,0.0692%
LEG Immobilien AG,LEG,0.0691%
RSA Insurance Group PLC,RSA,0.0688%
Getlink SE,GET,0.0685%
Zalando SE,ZAL,0.0684%
Bureau Veritas SA,BVI,0.0683%
AB Skf,SKF.B,0.0681%
Johnson Matthey PLC,JMAT,0.0681%
FinecoBank Banca Fineco SpA,FBK,0.0677%
Sartorius AG,SRT3,0.0675%
Rightmove PLC,RMV,0.0673%
Alfa Laval AB,ALFA,0.0667%
Carnival PLC,CCL,0.0664%
Tele2 AB,TEL2.B,0.0662%
Randstad NV,RAND,0.0656%
Arkema SA,AKE,0.0655%
Boliden AB,BOL,0.0652%
Scor SE,SCR,0.0643%
Siemens Healthineers AG,SHL,0.0639%
GVC Holdings PLC,GVC,0.0638%
Covestro AG,1COV,0.0635%
British Land Company PLC,BLND,0.0634%
Phoenix Group Holdings PLC,PHNX,0.0634%
Coca Cola HBC AG,CCH,0.0632%
Yara International ASA,YAR,0.0631%
Mediobanca Banca di Credito Finanziario SpA,MB,0.0626%
Admiral Group PLC,ADM,0.0624%
Hargreaves Lansdown PLC,HL.,0.0623%
Meggitt PLC,MGGT,0.0616%
Auto Trader Group PLC,AUTO,0.0611%
Puma SE,PUM,0.0609%
Banco de Sabadell SA,SAB,0.0608%
Centrica PLC,CNA,0.0605%
Ingenico Group SA,ING,0.0603%
Just Eat PLC,JE.,0.0603%
Eurofins Scientific SE,ERF,0.0601%
Scout24 AG,G24,0.0595%
Polski Koncern Naftowy Orlen SA,PKN,0.0595%
thyssenkrupp AG,TKA,0.0594%
Ubisoft Entertainment SA,UBI,0.0588%
Lundin Petroleum AB,LUPE,0.0585%
Pearson PLC,PSON,0.0584%
DS Smith PLC,SMDS,0.0581%
Volkswagen AG,VOW,0.0579%
Commerzbank AG,CBK,0.0577%
Prysmian SpA,PRY,0.0571%
Orpea SA,ORP,0.057%
Grifols SA,GRF.P,0.0569%
Bellway PLC,BWY,0.0558%
Kingfisher PLC,KGF,0.0556%
Intermediate Capital Group PLC,ICP,0.0555%
Worldline SA,WLN,0.0553%
argenx SE,ARGX,0.0551%
Nibe Industrier AB,NIBE.B,0.055%
GN Store Nord A/S,GN,0.0545%
Castellum AB,CAST,0.0542%
Covivio SA,COV,0.0542%
WM Morrison Supermarkets PLC,MRW,0.0539%
Svenska Cellulosa SCA AB,SCA.B,0.0539%
Unite Group PLC,UTG,0.0538%
Telecom Italia SpA,TIT,0.0534%
Powszechny Zaklad Ubezpieczen SA,PZU,0.0531%
Kinnevik AB,KINV.B,0.0529%
ASM International NV,ASM,0.052%
Enagas SA,ENG,0.0516%
Old Mutual Ltd,OMU,0.0515%
Suez SA,SEV,0.0514%
ASR Nederland NV,ASRNL,0.0509%
Rubis SCA,RUI,0.0508%
Direct Line Insurance Group PLC,DLG,0.0506%
Electrolux AB,ELUX.B,0.0504%
Marks and Spencer Group PLC,MKS,0.0502%
Pennon Group PLC,PNN,0.0499%
Aeroports de Paris SA,ADP,0.0497%
Electricite de France SA,EDF,0.0493%
Derwent London PLC,DLN,0.049%
Clariant AG,CLN,0.049%
Tenaris SA,TEN,0.0489%
Securitas AB,SECU.B,0.0487%
Travis Perkins PLC,TPK,0.0484%
SES SA,SESG,0.0483%
Uniper SE,UN01,0.0481%
TUI AG,TUI,0.0481%
AP Moeller - Maersk A/S,MAERSK.A,0.0479%
Cobham PLC,COB,0.0477%
Ems Chemie Holding AG,EMSN,0.0476%
Hiscox Ltd,HSX,0.0476%
Wartsila Oyj Abp,WRT1V,0.0473%
Poste Italiane SpA,PST,0.0471%
Howden Joinery Group PLC,HWDN,0.0469%
PSP Swiss Property AG,PSPN,0.0466%
J Sainsbury PLC,SBRY,0.0463%
Pandora A/S,PNDORA,0.0461%
Weir Group PLC,WEIR,0.046%
MERLIN Properties SOCIMI SA,MRL,0.0458%
Leonardo SpA,LDO,0.0457%
Bank of Ireland Group PLC,BIRG,0.0457%
Knorr Bremse AG,KBX,0.0453%
LANXESS AG,LXS,0.0452%
HomeServe PLC,HSV,0.0452%
Evonik Industries AG,EVK,0.0448%
CD Projekt SA,CDR,0.0448%
Schroders PLC,SDR,0.0447%
Rheinmetall AG,RHM,0.0447%
Micro Focus International PLC,MCRO,0.0444%
Norsk Hydro ASA,NHY,0.0442%
Metso Oyj,METSO,0.0441%
Orion Corp (finland),ORNBV,0.0431%
Carl Zeiss Meditec AG,AFX,0.043%
GEA Group AG,G1A,0.0429%
Kesko Oyj,KESKOB,0.0428%
Amundi SA,AMUN,0.0426%
Tate & Lyle PLC,TATE,0.0426%
Antofagasta PLC,ANTO,0.0425%
Bankinter SA,BKT,0.0424%
MorphoSys AG,MOR,0.0422%
Fabege AB,FABG,0.042%
Helvetia Holding AG,HELN,0.0419%
LPP SA,LPP,0.0418%
Simcorp A/S,SIM,0.0417%
IMCD NV,IMCD,0.0415%
Fastighets AB Balder,BALD.B,0.0414%
Epiroc AB,EPI.B,0.0413%
Elekta AB (publ),EKTA.B,0.0408%
B&M European Value Retail SA,BME,0.0406%
Schindler Holding AG,SCHN,0.0405%
Barry Callebaut AG,BARN,0.0403%
Euronext NV,ENX,0.0402%
Kion Group AG,KGX,0.04%
Spectris PLC,SXS,0.0399%
JD Sports Fashion PLC,JD.,0.0399%
VAT Group AG,VACN,0.0393%
Proximus NV,PROX,0.0391%
IMI PLC,IMI,0.039%
Huhtamaki Oyj,HUH1V,0.0389%
Aalberts NV,AALB,0.0388%
Davide Campari Milano SpA,CPR,0.0387%
Trelleborg AB,TREL.B,0.0386%
Recordati Industria Chimica e Farmaceutica SpA,REC,0.038%
Industrivarden AB,INDU.A,0.0379%
ICA Gruppen AB,ICA,0.0378%
Bank Polska Kasa Opieki SA,PEO,0.0373%
Georg Fischer AG,FI-N,0.0372%
G4S PLC,GFS,0.037%
Deutsche Lufthansa AG,LHA,0.037%
Biomerieux SA,BIM,0.0368%
Natixis SA,KN,0.0368%
Rexel SA,RXL,0.0368%
United Internet AG,UTDI,0.0368%
Sartorius Stedim Biotech SA,DIM,0.0368%
Getinge AB,GETI.B,0.0366%
Dechra Pharmaceuticals PLC,DPH,0.0363%
Jeronimo Martins SGPS SA,JMT,0.0363%
Industrivarden AB,INDU.C,0.0361%
Polymetal International PLC,POLY,0.036%
Electrocomponents PLC,ECM,0.0358%
Iss A/S,ISS,0.0357%
Faurecia SE,EO,0.0357%
AVEVA Group PLC,AVV,0.0356%
IWG Plc,IWG,0.0352%
Elis SA,ELIS,0.0352%
Gjensidige Forsikring ASA,GJF,0.0352%
SSP Group PLC,SSPG,0.035%
Nemetschek SE,NEM,0.0349%
Evolution Gaming Group AB (publ),EVO,0.0347%
Royal Unibrew A/S,RBREW,0.0346%
Inchcape PLC,INCH,0.0345%
Bechtle AG,BC8,0.0342%
Quilter PLC,QLT,0.034%
Wendel SE,MF,0.0339%
Altice Europe NV,ATC,0.0337%
Iliad SA,ILD,0.0337%
Beazley PLC,BEZ,0.0336%
WH Smith PLC,SMWH,0.0335%
Nokian Tyres plc,TYRES,0.0334%
Siemens Gamesa Renewable Energy SA,SGRE,0.0333%
SEB SA,SK,0.0333%
Storebrand ASA,STB,0.0332%
ConvaTec Group PLC,CTEC,0.0332%
Investec PLC,INVP,0.033%
Takeaway.com NV,TKWY,0.033%
Easyjet PLC,EZJ,0.0329%
TAG Immobilien AG,TEG,0.0327%
Koninklijke Vopak NV,VPK,0.0326%
Alten SA,ATE,0.0326%
Aker BP ASA,AKERBP,0.0325%
Cts Eventim AG & Co KgaA,EVD,0.0325%
Cofinimmo SA,COFB,0.0325%
Amplifon SpA,AMP,0.0323%
Rotork PLC,ROR,0.0322%
Altran Technologies SA,ALT,0.0321%
Capita PLC,CPI,0.0321%
Volvo AB,VOLV.A,0.032%
Tryg A/S,TRYG,0.0319%
TGS NOPEC Geophysical Company ASA,TGS,0.0319%
Bayerische Motoren Werke AG,BMW3,0.0318%
Signify NV,LIGHT,0.0318%
Cembra Money Bank AG,CMBN,0.0318%
Osram Licht AG,OSRD,0.0316%
Ackermans & Van Haaren NV,ACKB,0.0316%
DiaSorin SpA,DIA,0.0316%
Forbo Holding AG,FORN,0.0316%
Sofina SA,SOF,0.0314%
Telecom Italia SpA,TITR,0.0312%
Hikma Pharmaceuticals PLC,HIK,0.0312%
Fuchs Petrolub SE,FPE3,0.0312%
KGHM Polska Miedz SA,KGH,0.0308%
AAK AB (publ),AAK,0.0308%
Nexi SpA,NEXI,0.0307%
Tomra Systems ASA,TOM,0.0307%
Husqvarna AB,HUSQ.B,0.0304%
Inmobiliaria Colonial SOCIMI SA,COL,0.0303%
Hays PLC,HAS,0.0303%
Ipsen SA,IPN,0.0303%
Hera SpA,HER,0.0302%
Bovis Homes Group PLC,VTY,0.0301%
Raiffeisen Bank International AG,RBI,0.0301%
Wienerberger AG,WIE,0.03%
Swatch Group AG,UHRN,0.03%
John Wood Group PLC,WG.,0.0299%
Banco Bpm SpA,BAMI,0.0299%
Samhallsbyggnadsbolaget I Norden AB,SBB.B,0.0297%
IG Group Holdings PLC,IGG,0.0297%
Prosiebensat 1 Media SE,PSM,0.0294%
Flughafen Zuerich AG,FHZN,0.0292%
Pargesa Holding SA,PARG,0.0291%
Rational AG,RAA,0.0291%
Close Brothers Group PLC,CBG,0.029%
L E Lundbergforetagen AB (publ),LUND.B,0.029%
Greggs PLC,GRG,0.0288%
Warehouses de Pauw Comm VA,WDP,0.0287%
Tritax Big Box Reit PLC,BBOX,0.0287%
Indutrade AB,INDT,0.0287%
voestalpine AG,VOE,0.0283%
Verbund AG,VER,0.0283%
Avast PLC,AVST,0.0282%
Man Group PLC,EMG,0.0282%
Evotec SE,EVT,0.0281%
Valmet Oyj,VALMT,0.0281%
Icade SA,ICAD,0.0278%
Galenica AG,GALE,0.0278%
P/F Bakkafrost,BAKKA,0.0278%
Hellofresh SE,HFG,0.0277%
Swedish Orphan Biovitrum AB (publ),SOBI,0.0277%
Hugo Boss AG,BOSS,0.0277%
Aedifica SA,AED,0.0277%
Andritz AG,ANDR,0.0276%
Holmen AB,HOLM.B,0.0275%
Britvic PLC,BVIC,0.0275%
Network International Holdings PLC,NETW,0.0273%
Italgas SpA,IG,0.0273%
Dometic Group AB (publ),DOM,0.0271%
SBM Offshore NV,SBMO,0.0271%
Etablissementen Franz Colruyt NV,COLR,0.0269%
BE Semiconductor Industries NV,BESI,0.0268%
TP ICAP PLC,TCAP,0.0268%
Fraport AG Frankfurt Airport Services Worldwide,FRA,0.0268%
Loomis AB,LOOM.B,0.0267%
Ashmore Group PLC,ASHM,0.0266%
alstria office REIT AG,AOX,0.0265%
Virgin Money UK PLC,VMUK,0.0264%
Kojamo Oyj,KOJAMO,0.0264%
EVRAZ plc,EVR,0.0264%
Royal Mail PLC,RMG,0.0264%
Diploma PLC,DPLM,0.0264%
Signature Aviation PLC,SIG,0.0263%
Saab AB,SAAB.B,0.0263%
A2A SpA,A2A,0.0263%
freenet AG,FNTN,0.0263%
Schibsted ASA,SCHB,0.0263%
Tecan Group AG,TECN,0.0261%
CNP Assurances SA,CNP,0.0261%
Hochtief AG,HOT,0.026%
Demant A/S,DEMANT,0.0259%
Saipem SpA,SPM,0.0258%
Hammerson PLC,HMSO,0.0258%
OneSavings Bank PLC,OSB,0.0258%
Eurazeo SE,RF,0.0257%
Allreal Holding AG,ALLN,0.0257%
Aggreko PLC,AGK,0.0255%
Elia System Operator SA,ELI,0.0255%
Victrex PLC,VCT,0.0253%
Lifco AB (publ),LIFCO.B,0.025%
Subsea 7 SA,SUBC,0.025%
Countryside Properties PLC,CSP,0.0247%
Vidrala SA,VID,0.0246%
Adevinta ASA,ADE,0.0246%
Ambu A/S,AMBU.B,0.0246%
AIB Group plc,A5G,0.0246%
Interpump Group SpA,IP,0.0245%
Grenke AG,GLJ,0.0244%
Cineworld Group PLC,CINE,0.0244%
SalMar ASA,SALM,0.0244%
Games Workshop Group PLC,GAW,0.0243%
Azimut Holding SpA,AZM,0.0243%
Qinetiq Group PLC,QQ.,0.0243%
Telefonica Deutschland Holding AG,O2D,0.0243%
National Express Group PLC,NEX,0.0242%
Genus PLC,GNS,0.0242%
Sweco AB (publ),SWEC.B,0.0241%
Euronav NV,EURN,0.024%
Talanx AG,TLX,0.0238%
UDG Healthcare plc,UDG,0.0238%
Mapfre SA,MAP,0.0238%
Dufry AG,DUFN,0.0237%
Great Portland Estates PLC,GPOR,0.0236%
Sopra Steria Group SA,SOP,0.0235%
Barco NV,BAR,0.0233%
Sophos Group PLC,SOPH,0.0231%
Dassault Aviation SA,AM,0.0231%
Serco Group PLC,SRP,0.0229%
Santander Bank Polska SA,SPL,0.0229%
Spie SA,SPIE,0.0229%
Big Yellow Group PLC,BYG,0.0228%
Wihlborgs Fastigheter AB,WIHL,0.0226%
HELLA GmbH & Co KgaA,HLE,0.0226%
Hexpol AB,HPOL.B,0.0226%
TeamViewer AG,TMV,0.0225%
Grafton Group PLC,GFTU,0.0225%
Metro AG,B4B,0.0225%
Londonmetric Property PLC,LMP,0.0225%
Grand City Properties SA,GYC,0.0224%
Bankia SA,BKIA,0.0224%
Remy Cointreau SA,RCO,0.0224%
Immofinanz AG,IIA,0.0223%
Unipol Gruppo SpA,UNI,0.0223%
Sunrise Communications Group AG,SRCG,0.0223%
Wallenstam AB,WALL.B,0.0221%
Schibsted ASA,SCHA,0.022%
Idorsia Ltd,IDIA,0.022%
John Laing Group PLC,JLG,0.0218%
Air France KLM SA,AF,0.0218%
Eutelsat Communications SA,ETL,0.0218%
Jupiter Fund Management PLC,JUP,0.0218%
Grainger PLC,GRI,0.0218%
AF Poyry AB,AF.B,0.0217%
SIG Combibloc Group AG,SIGN,0.0216%
Masmovil Ibercom SA,MAS,0.0216%
CA Immobilien Anlagen AG,CAI,0.0216%
Redrow PLC,RDW,0.0214%
Assura PLC,AGR,0.0214%
CGG SA,CGG,0.0214%
Primary Health Properties PLC,PHP,0.0213%
Moneysupermarket.Com Group PLC,MONY,0.0213%
Hufvudstaden AB,HUFV.A,0.0212%
Entra ASA,ENTRA,0.0211%
H Lundbeck A/S,LUN,0.0211%
Thule Group AB,THULE,0.021%
Infrastrutture Wireless Italiane SpA,INW,0.0209%
OC Oerlikon Corporation AG Pfaeffikon,OERL,0.0208%
K&S AG,SDF,0.0208%
Axfood AB,AXFO,0.0207%
Bodycote PLC,BOY,0.0207%
Balfour Beatty PLC,BBY,0.0207%
Topdanmark A/S,TOP,0.0206%
TKH Group NV,TWEKA,0.0206%
JCDecaux SA,DEC,0.0205%
Investment AB Latour,LATO.B,0.0204%
Casino Guichard Perrachon SA,CO,0.0204%
Glanbia PLC,GL9i,0.0204%
Capital & Counties Properties PLC,CAPC,0.0202%
Pirelli & C SpA,PIRC,0.0202%
Covivio Hotels SCA,COVH,0.0201%
Gaztransport et Technigaz SA,GTT,0.02%
Deutsche Pfandbriefbank AG,PBB,0.02%
William Hill PLC,WMH,0.0199%
Lagardere SCA,MMB,0.0199%
BAWAG Group AG,BG,0.0199%
Soitec SA,SOI,0.0199%
Computacenter PLC,CCC,0.0199%
Korian SA,KORI,0.0198%
Cranswick PLC,CWK,0.0196%
Marshalls PLC,MSLH,0.0196%
Safestore Holdings PLC,SAFE,0.0194%
Jyske Bank A/S,JYSK,0.0194%
Banca Mediolanum SpA,BMED,0.0193%
Bucher Industries AG,BUCN,0.0192%
Savills PLC,SVS,0.0192%
Sagax AB,SAGA.B,0.0192%
Ringkjoebing Landbobank A/S,RILBA,0.0192%
Addtech AB,ADDT.B,0.0191%
Beijer Ref AB (publ),BEIJ.B,0.019%
Babcock International Group PLC,BAB,0.019%
Ascential PLC,ASCL,0.019%
Christian Dior SE,CDI,0.0189%
Sparebank 1 SR Bank ASA,SRBANK,0.0188%
Ultra Electronics Holdings PLC,ULE,0.0187%
Aareal Bank AG,ARL,0.0187%
Netcompany Group A/S,NETC,0.0186%
Gerresheimer AG,GXI,0.0186%
TLG Immobilien AG,TLG,0.0186%
Sulzer AG,SUN,0.0185%
Peab AB,PEAB.B,0.0185%
Siltronic AG,WAF,0.0185%
Stadler Rail AG,SRAIL,0.0185%
BillerudKorsnas AB (publ),BILL,0.0185%
Koninklijke Boskalis Westminster NV,BOKA,0.0184%
Acciona SA,ANA,0.0184%
Pagegroup PLC,PAGE,0.0184%
Vontobel Holding AG,VONN,0.0183%
Nordic Entertainment Group AB,NENT.B,0.0183%
Siegfried Holding AG,SFZN,0.0182%
Lancashire Holdings Ltd,LRE,0.0182%
ASTM SpA,AT,0.018%
Workspace Group PLC,WKP,0.0179%
Konecranes Abp,KCR,0.0179%
Iren SpA,IRE,0.0179%
Aurubis AG,NDA,0.0178%
Nexity SA,NXI,0.0178%
Cyfrowy Polsat SA,CPS,0.0178%
Kungsleden AB,KLED,0.0177%
Fielmann AG,FIE,0.0177%
SSAB AB,SSAB.B,0.0176%
Intrum AB,INTRUM,0.0175%
DKSH Holding AG,DKSH,0.0175%
Bravida Holding AB,BRAV,0.0175%
Stroeer SE & Co KGaA,SAX,0.0172%
Telenet Group Holding NV,TNET,0.0172%
Freni Brembo SpA,BRE,0.0171%
RTL Group SA,RRTL,0.0171%
Dixons Carphone PLC,DC.,0.0171%
FirstGroup PLC,FGP,0.017%
Leroy Seafood Group ASA,LSG,0.017%
Pandox AB,PNDX.B,0.017%
Corbion NV,CRBN,0.0169%
Rockwool International A/S,ROCK.B,0.0168%
Viscofan SA,VIS,0.0168%
Rocket Internet SE,RKET,0.0168%
Schaeffler AG,SHA,0.0168%
Banca Generali SpA,BGN,0.0168%
Mobimo Holding AG,MOBN,0.0166%
Cerved Group SpA,CERV,0.0166%
Euromoney Institutional Investor PLC,ERM,0.0166%
Bper Banca SpA,BPE,0.0166%
Polskie Gornictwo Naftowe i Gazownictwo SA,PGN,0.0166%
Softcat PLC,SCT,0.0165%
Centamin PLC,CEY,0.0165%
KBC Ancora BV,KBCA,0.0165%
Grupa Lotos SA,LTS,0.0165%
Mediclinic International PLC,MDC,0.0164%
OCI NV,OCI,0.0164%
Wizz Air Holdings PLC,WIZZ,0.0164%
Grandvision NV,GVNV,0.0164%
Banco Comercial Portugues SA,BCP,0.0163%
Paragon Banking Group PLC,PAG,0.0163%
Shaftesbury PLC,SHB,0.0162%
Kaz Minerals PLC,KAZ,0.0162%
Pets at Home Group PLC,PETS,0.0162%
Applus Services SA,APPS,0.0159%
Emmi AG,EMMN,0.0159%
Luzerner Kantonalbank AG,LUKN,0.0159%
Dino Polska SA,DNP,0.0158%
Cancom SE,COK,0.0158%
Compagnie Plastic Omnium SA,POM,0.0158%
Software AG,SOW,0.0157%
Intertrust NV,INTER,0.0156%
Renishaw PLC,RSW,0.0154%
Arcadis NV,ARCAD,0.0154%
EDP Renovaveis SA,EDPR,0.0154%
Ibstock PLC,IBST,0.0152%
C&C Group PLC,CCR,0.0152%
Valiant Holding AG,VATN,0.0152%
Spirent Communications plc,SPT,0.0152%
Varta AG,VAR1,0.0151%
Societe BIC SA,BB,0.015%
Banque Cantonale Vaudoise,BCVN,0.015%
Acerinox SA,ACX,0.015%
UnipolSai Assicurazioni SpA,US,0.015%
Schroders PLC,SDRC,0.0149%
Norwegian Finans Holding ASA,NOFI,0.0148%
Playtech PLC,PTEC,0.0148%
EI Group PLC,EIG,0.0147%
Buzzi Unicem SpA,BZU,0.0147%
Duerr AG,DUE,0.0147%
FLSmidth & Co A/S,FLS,0.0147%
JM AB,JM,0.0147%
PGE Polska Grupa Energetyczna SA,PGE,0.0147%
Daily Mail and General Trust P L C,DMGT,0.0146%
Faes Farma SA,FAE,0.0146%
Aperam SA,APAM,0.0146%
Inficon Holding AG,IFCN,0.0145%
Dfds AS,DFDS,0.0145%
Drax Group PLC,DRX,0.0145%
IntegraFin Holdings plc,IHP,0.0144%
Compugroup Medical SE,COP,0.0144%
SFS Group AG,SFSN,0.0144%
Reply SpA,REY,0.0141%
Grupo Catalana Occidente SA,GCO,0.0141%
Cairn Energy PLC,CNE,0.0141%
VEON Ltd,VEON,0.014%
Rathbone Brothers PLC,RAT,0.0139%
Fresnillo PLC,FRES,0.0139%
Daetwyler Holding AG,DAE,0.0139%
Kemira Oyj,KEMIRA,0.0139%
BKW AG,BKW,0.0139%
ALK-Abello A/S,ALK.B,0.0138%
Synthomer PLC,SYNT,0.0138%
J D Wetherspoon PLC,JDW,0.0137%
Hill & Smith Holdings PLC,HILS,0.0137%
Hypoport AG,HYQ,0.0137%
Enav SpA,ENAV,0.0137%
Traton SE,8TRA,0.0136%
Nyfosa AB,NYF,0.0136%
Essentra PLC,ESNT,0.0136%
Kongsberg Gruppen ASA,KOG,0.0136%
Aker ASA,AKER,0.0136%
Future PLC,FUTR,0.0135%
D'Ieteren SA,DIE,0.0135%
Oberbank AG,OBS,0.0135%
Sparebank 1 SMN,MING,0.0134%
Compania de Distribucion Integral Logista Holdings SA,LOG,0.0134%
Orion Corp (finland),ORNAV,0.0134%
Greencore Group PLC,GNC,0.0133%
Financiere de Tubize SA,TUB,0.0133%
Dunelm Group PLC,DNLM,0.0132%
Brewin Dolphin Holdings PLC,BRW,0.0132%
Jenoptik AG,JEN,0.0131%
Fuchs Petrolub SE,FPE,0.0131%
Technogym SpA,TGYM,0.0131%
Elior Group SA,ELIOR,0.013%
Veidekke ASA,VEI,0.013%
Befesa SA,BFSA,0.013%
Huber+Suhner AG,HUBN,0.013%
IMA Industria Macchine Automatiche SpA,IMA,0.0129%
Crest Nicholson Holdings PLC,CRST,0.0129%
Petrofac Ltd,PFC,0.0128%
Dormakaba Holding AG,DOKA,0.0128%
Zardoya Otis SA,ZOT,0.0128%
Provident Financial PLC,PFG,0.0128%
Indra Sistemas SA,IDR,0.0127%
Melexis NV,MELE,0.0127%
NMC Health PLC,NMC,0.0127%
Norma Group SE,NOEJ,0.0127%
HBM Healthcare Investments AG,HBMN,0.0127%
Coats Group PLC,COA,0.0126%
Anima Holding SpA,ANIM,0.0126%
Ncc AB,NCC.B,0.0125%
Societa Cattolica di Assicurazione Sc,CASS,0.0125%
Cargotec Corp,CGCBV,0.0124%
Vesuvius PLC,VSVS,0.0124%
Fomento de Construcciones y Contratas SA,FCC,0.0123%
Polypipe Group PLC,PLP,0.0123%
Kindred Group PLC,KIND.SDB,0.0123%
Imerys SA,NK,0.0122%
Deutsche Euroshop AG,DEQ,0.0122%
Mycronic AB (publ),MYCR,0.0122%
Maersk Drilling A/S,DRLCO,0.0121%
Carmila SA,CARM,0.0121%
Wacker Chemie AG,WCH,0.0121%
CIE Automotive SA,CIE,0.0119%
Kesko Oyj,KESKOA,0.0119%
NOS SGPS SA,NOS,0.0119%
AJ Bell PLC,AJB,0.0119%
Ebro Foods SA,EBRO,0.0118%
Autogrill SpA,AGL,0.0118%
Basic Fit NV,BFIT,0.0118%
Avanza Bank Holding AB,AZA,0.0118%
Vitrolife AB,VITR,0.0117%
Metsa Board Oyj,METSB,0.0117%
Asseco Poland SA,ACP,0.0116%
Sydbank A/S,SYDB,0.0116%
Sanne Group PLC,SNN,0.0116%
RHI Magnesita NV,RHIM,0.0116%
Ahlstrom-Munksjo Oyj,AM1,0.0115%
Ipsos SA,IPS,0.0114%
mBank SA,MBK,0.0114%
VZ Holding AG,VZN,0.0114%
Ontex Group NV,ONTEX,0.0113%
Brunello Cucinelli SpA,BC,0.0113%
ALD SA,ALD,0.0113%
Energean Oil & Gas PLC,ENOG,0.0113%
Oesterreichische Post AG,POST,0.0113%
Elementis PLC,ELM,0.0112%
St. Modwen Properties PLC,SMP,0.0112%
ERG SpA,ERG,0.0112%
FDM Group (Holdings) PLC,FDM,0.0111%
Sixt SE,SIX2,0.0111%
Sectra AB,SECT.B,0.011%
Klovern AB,KLOV.B,0.011%
Befimmo SA,BEFB,0.0109%
4imprint Group PLC,FOUR,0.0109%
Suedzucker AG,SZU,0.0108%
Premier Oil PLC,PMO,0.0107%
Go-Ahead Group PLC,GOG,0.0107%
UNIQA Insurance Group AG,UQA,0.0107%
Orange Polska SA,OPL,0.0107%
Atrium Ljungberg AB,ATRLJ.B,0.0106%
Mitchells & Butlers PLC,MAB,0.0105%
Nel ASA,NEL,0.0105%
S&T AG,SANT,0.0105%
Atea ASA,ATEA,0.0104%
Morgan Advanced Materials PLC,MGAM,0.0103%
Sixt SE,SIX3,0.0103%
Valora Holding AG,VALN,0.0103%
DWS Group GmbH & Co KgaA,DWS,0.0102%
Coface SA,COFA,0.0102%
Yit Oyj,YIT,0.0102%
Nolato AB,NOLA.B,0.0102%
Aixtron SE,AIXA,0.0102%
Jungheinrich AG,JUN3,0.0102%
Oxford Instruments PLC,OXIG,0.0101%
Gimv Investeringsmaatschappij Voor Vlanderen NV,GIMB,0.0101%
Lenzing AG,LNZ,0.0101%
Hastings Group Holdings PLC,HSTG,0.0101%
1&1 Drillisch AG,DRI,0.0101%
Scatec Solar ASA,SSO,0.0101%
Just Group PLC,JUST,0.01%
Mayr Melnhof Karton AG,MMK,0.01%
Rothschild & Co SCA,ROTH,0.01%
Bure Equity AB,BURE,0.01%
Clarkson PLC,CKN,0.0099%
Vienna Insurance Group AG Wiener Versicherung Gruppe,VIG,0.0099%
Montea Comm VA,MONT,0.0099%
Bossard Holding AG,BOSN,0.0099%
Dalata Hotel Group PLC,DAL,0.0098%
Bpost SA,BPOST,0.0098%
Krones AG,KRN,0.0097%
Cairn Homes PLC,CRN,0.0097%
Af Gruppen ASA,AFG,0.0097%
Sinch AB (publ),SINCH,0.0097%
Hibernia REIT PLC,HBRN,0.0097%
Aryzta AG,ARYN,0.0097%
Talktalk Telecom Group PLC,TALK,0.0096%
Frontline Ltd,FRO,0.0096%
Melia Hotels International SA,MEL,0.0096%
Tikehau Capital SCA,TKO,0.0095%
Tullow Oil PLC,TLW,0.0095%
Marston's PLC,MARS,0.0095%
Ceconomy AG,CEC,0.0095%
Ren Redes Energeticas Nacionais SGPS SA,RENE,0.0094%
Sacyr SA,SCYR,0.0094%
Banca Popolare di Sondrio ScpA,BPSO,0.0094%
Kardex AG,KARN,0.0094%
Somfy SA,SO,0.0093%
Restaurant Group PLC,RTN,0.0093%
Outokumpu Oyj,OUT1V,0.0093%
NV Bekaert SA,BEKB,0.0093%
Also Holding AG,ALSN,0.0093%
Bilia AB,BILI.A,0.0093%
Prosegur Compania de Seguridad SA,PSG,0.0093%
Salvatore Ferragamo SpA,SFER,0.0093%
Neoen SA,NEOEN,0.0092%
Fagron NV,FAGR,0.0092%
Nordic Semiconductor ASA,NOD,0.0092%
Metropole Television SA,MMT,0.0092%
Brederode SA,BREB,0.0091%
Senior PLC,SNR,0.009%
Outotec Oyj,OTE1V,0.009%
Arjo AB (publ),ARJO.B,0.009%
Lagercrantz Group AB,LAGR.B,0.009%
Terveystalo Oyj,TTALO,0.009%
Amadeus Fire AG,AAD,0.009%
S Immo AG,SPI,0.009%
Mediaset Espana Comunicacion SA,TL5,0.0089%
Komax Holding AG,KOMN,0.0089%
Equiniti Group PLC,EQN,0.0089%
Schouw & Co A/S,SCHO,0.0089%
Patrizia AG,PAT,0.0089%
Hyve Group PLC,HYVE,0.0089%
Sabre Insurance Group PLC,SBRE,0.0088%
Citycon Oyj,CTY1S,0.0087%
Almirall SA,ALM,0.0087%
Catena AB,CATE,0.0087%
Borregaard ASA,BRG,0.0087%
Lindab International AB,LIAB,0.0087%
Vallourec SA,VK,0.0087%
Television Francaise 1 SA,TFI,0.0086%
Retail Estates NV,RET,0.0086%
Grupa Kety SA,KTY,0.0086%
St Galler Kantonalbank AG,SGKN,0.0086%
Zealand Pharma A/S,ZEAL,0.0085%
James Fisher and Sons PLC,FSJ,0.0085%
Sonae SGPS SA,SON,0.0085%
Berner Kantonalbank AG,BEKN,0.0085%
Mediaset SpA,MS,0.0085%
Vaisala Oyj,VAIAS,0.0084%
Bank Millennium SA,MIL,0.0084%
Tamburi Investment Partners SpA,TIP,0.0084%
Play Communications SA,PLY,0.0083%
Kinepolis Group NV,KIN,0.0083%
ADO Properties SA,ADJ,0.0083%
Fnac Darty SA,FNAC,0.0083%
Altarea SCA,ALTA,0.0083%
Flow Traders NV,FLOW,0.0083%
SIG PLC,SHI,0.0083%
Mercialys SA,MERY,0.0083%
Austevoll Seafood ASA,AUSS,0.0082%
Tecnicas Reunidas SA,TRE,0.0082%
IP Group PLC,IPO,0.0082%
Xior Student Housing NV,XIOR,0.0082%
Forterra PLC,FORT,0.0082%
Bonava AB (publ),BONAV.B,0.0082%
Shurgard Self Storage SA,SHUR,0.0081%
Resurs Holding AB (publ),RESURS,0.0081%
Chemring Group PLC,CHG,0.0081%
Acea SpA,ACE,0.0081%
Saras SpA,SRS,0.0081%
Sparebank 1 Nord-Norge,NONG,0.008%
Stagecoach Group PLC,SGC,0.008%
Instone Real Estate Group AG,INS,0.0079%
Corporacion Financiera Alba SA,ALB,0.0079%
Sanoma Oyj,SAA1V,0.0078%
Bilfinger SE,GBF,0.0078%
DMG Mori AG,GIL,0.0078%
PZ Cussons PLC,PZC,0.0077%
Rockwool International A/S,ROCK.A,0.0077%
Biotage AB,BIOT,0.0077%
Trigano SA,TRI,0.0077%
Euskaltel SA,EKT,0.0076%
Amrest Holdings SE,EAT,0.0076%
Hunting PLC,HTG,0.0075%
Navigator Company SA,NVG,0.0075%
Quadient SA,QDT,0.0075%
UK Commercial Property REIT Ltd,UKCM,0.0075%
Coor Service Management Holding AB,COOR,0.0075%
TomTom NV,TOM2,0.0074%
Construcciones y Auxiliar de Ferrocarriles SA,CAF,0.0074%
AddLife AB,ALIF.B,0.0074%
Nobia AB,NOBI,0.0074%
Indus Holding AG,INH,0.0074%
Nordex SE,NDX1,0.0074%
SSAB AB,SSAB.A,0.0073%
Spar Nord Bank A/S,SPNO,0.0073%
Gamesys Group PLC,GYS,0.0072%
Scandinavian Tobacco Group A/S,STG,0.0072%
Modern Times Group MTG AB,MTG.B,0.0072%
Tessenderlo Group NV,TESB,0.0072%
Salzgitter AG,SZG,0.0072%
Gestamp Automocion SA,GEST,0.0071%
VGP NV,VGP,0.0071%
Bank of Georgia Group PLC,BGEO,0.0071%
Asiakastieto Group Plc,ATG1V,0.007%
Bavarian Nordic A/S,BAVA,0.007%
Grieg Seafood ASA,GSF,0.007%
Granges AB,GRNG,0.007%
Empiric Student Property PLC,ESP,0.007%
Dios Fastigheter AB,DIOS,0.0069%
Wereldhave NV,WHA,0.0069%
Agfa Gevaert NV,AGFB,0.0069%
Platzer Fastigheter Holding AB (publ),PLAZ.B,0.0068%
Olvi Oyj,OLVAS,0.0068%
RIB Software SE,RIB,0.0068%
Biogaia AB,BIOG.B,0.0068%
AMG Advanced Metallurgical Group NV,AMG,0.0067%
Marr SpA,MARR,0.0067%
Ratos AB,RATO.B,0.0067%
Hamborner REIT AG,HAB,0.0067%
Liberbank SA,LBK,0.0067%
Revenio Group Oyj,REG1V,0.0067%
Saga PLC,SAGA,0.0067%
WashTec AG,WSU,0.0066%
Neinor Homes SA,HOME,0.0066%
On The Beach Group PLC,OTB,0.0066%
Recipharm AB (publ),RECI.B,0.0066%
Scandic Hotels Group AB,SHOT,0.0066%
Dno ASA,DNO,0.0066%
Uponor Oyj,UPONOR,0.0066%
Beijer Alma AB,BEIA.B,0.0065%
DEUTZ AG,DEZ,0.0065%
Societe Fonciere Lyonnaise SA,FLY,0.0065%
Caverion Oyj,CAV1V,0.0065%
Borr Drilling Ltd,BDRILL,0.0064%
Jungfraubahn Holding AG,JFN,0.0064%
A.G.Barr PLC,BAG,0.0064%
Kaufman & Broad SA,KOF,0.0064%
PGS ASA,PGS,0.0064%
Kruk SA,KRU,0.0064%
Pfeiffer Vacuum Technology AG,PFV,0.0064%
McCarthy & Stone PLC,MCS,0.0063%
Tokmanni Group Corp,TOKMAN,0.0062%
Fenix Outdoor International AG,FOI.B,0.0062%
Sbanken ASA,SBANK,0.0062%
Mitie Group PLC,MTO,0.0061%
Frasers Group PLC,FRAS,0.0061%
SDL PLC,SDL,0.0061%
Genfit SA,GNFT,0.0061%
Norway Royal Salmon ASA,NRS,0.0061%
Banca Farmafactoring SpA,BFF,0.0061%
New Work SE,NWO,0.0061%
BW Offshore Ltd,BWO,0.0061%
Fingerprint Cards AB,FING.B,0.0061%
Cramo Oyj,CRA1V,0.006%
Essity AB (publ),ESSITY.A,0.006%
CellaVision AB,CEVI,0.006%
Aktia Bank Abp,AKTIA,0.006%
Cloetta AB,CLA.B,0.006%
Lassila & Tikanoja Oyj,LAT1V,0.006%
KWS SAAT SE & Co KgaA,KWS,0.0059%
Aannemingsmaatschappij Cfe NV,CFEB,0.0059%
Orange Belgium SA,OBEL,0.0059%
Intervest Offices & Warehouses NV,INTO,0.0059%
Concentric AB,COIC,0.0059%
Klovern AB,KLOV.PREF,0.0059%
Liechtensteinische Landesbank AG,LLBN,0.0059%
Care Property Invest NV,CPINV,0.0059%
illimity Bank SpA,ILTY,0.0058%
BW LPG Ltd,BWLPG,0.0058%
Attendo AB (publ),ATT,0.0058%
Alior Bank SA,ALR,0.0058%
Hansteen Holdings PLC,HSTN,0.0058%
Fiskars Oyj Abp,FSKRS,0.0058%
Maisons du Monde SA,MDM,0.0057%
Rai Way SpA,RWAY,0.0057%
Elkem ASA,ELK,0.0057%
EVN AG,EVN,0.0056%
Nkt A/S,NKT,0.0056%
Europris ASA,EPR,0.0056%
Nobina AB (publ),NOBINA,0.0055%
Buzzi Unicem SpA,BZUR,0.0055%
Budimex SA,BDX,0.0054%
Falck Renewables SpA,FKR,0.0054%
Instalco AB,INSTAL,0.0054%
Italmobiliare SpA,ITM,0.0054%
Carel Industries SpA,CRL,0.0054%
Atrium European Real Estate Ltd,ATRS,0.0054%
U Blox Holding AG,UBXN,0.0054%
Ferrexpo PLC,FXPO,0.0054%
Addnode Group AB (publ),ANOD.B,0.0053%
TBC Bank Group PLC,TBCG,0.0053%
Schoeller Bleckmann Oilfield Equipment AG,SBO,0.0053%
Olav Thon Eiendomsselskap ASA,OLT,0.0052%
ALM. Brand A/S,ALMB,0.0052%
TietoEVRY Corp,TIETO,0.0052%
DO & CO AG,DOC,0.0052%
Ence Energia y Celulosa SA,ENC,0.0052%
AT & S Austria Technologie & Systemtechnik AG,ATS,0.0052%
Gruppo MutuiOnline SpA,MOL,0.0052%
Tikkurila Oyj,TIK1V,0.0052%
Norwegian Energy Company ASA,NOR,0.0052%
Per Aarsleff Holding A/S,PAAL.B,0.0052%
NetEnt AB (publ),NET.B,0.0051%
Banca Monte dei Paschi di Siena SpA,BMPS,0.0051%
Bell Food Group AG,BELL,0.0051%
Bank of Cyprus Holdings PLC,BOCH,0.005%
Burckhardt Compression Holding AG,BCHN,0.005%
Tod's SpA,TOD,0.005%
Medicover AB,MCOV.B,0.005%
Fagerhult AB,FAG,0.005%
Betsson AB,BETS.B,0.005%
HMS Networks AB,HMS,0.0049%
Zooplus AG,ZO1,0.0049%
doValue SpA,DOV,0.0049%
Telefonaktiebolaget LM Ericsson,ERIC.A,0.0049%
Vitec Software Group AB (publ),VIT.B,0.0048%
Wacker Neuson SE,WAC,0.0048%
Piaggio & C SpA,PIA,0.0048%
Altri SGPS SA,ALTR,0.0048%
FastPartner AB,FPAR.A,0.0047%
Dustin Group AB,DUST,0.0047%
Adler Real Estate AG,ADL,0.0047%
Borussia Dortmund GmbH & Co KGaA,BVB,0.0047%
Benefit Systems SA,BFT,0.0046%
Kloeckner & Co SE,KCO,0.0046%
Interparfums SA,ITP,0.0046%
Banca Piccolo Credito Valtellinese SpA,CVAL,0.0046%
Adapteo Oyj,ADAPT,0.0046%
Alimak Group AB (publ),ALIG,0.0046%
Mips AB,MIPS,0.0045%
Troax Group AB (publ),TROAX,0.0045%
SkiStar AB,SKIS.B,0.0045%
Globe Trade Centre SA,GTC,0.0045%
Norwegian Air Shuttle ASA,NAS,0.0045%
Elecnor SA,ENO,0.0045%
Corticeira Amorim SGPS SA,COR,0.0045%
Clas Ohlson AB,CLAS.B,0.0044%
STRABAG SE,STR,0.0044%
AcadeMedia AB,ACAD,0.0044%
Fincantieri SpA,FCT,0.0044%
Invisio Communications AB,IVSO,0.0044%
Mithra Pharmaceuticals SA,MITRA,0.0044%
Aedas Homes SA,AEDAS,0.0043%
Scandi Standard AB (publ),SCST,0.0043%
Cosmo Pharmaceuticals NV,COPN,0.0043%
Investment AB Oresund,ORES,0.0043%
Raisio Oyj,RAIVV,0.0042%
Takkt AG,TTK,0.0042%
CTT Correios de Portugal SA,CTT,0.0042%
Munters Group AB,MTRS,0.0042%
Guala Closures SpA,GCL,0.0042%
Bonheur ASA,BON,0.0041%
Sparebank 1 Ostlandet,SPOL,0.0041%
Duni AB,DUNI,0.0041%
Koenig & Bauer AG,SKB,0.0041%
Bank Handlowy w Warszawie SA,BHW,0.004%
Tauron Polska Energia SA,TPE,0.004%
Hexagon Composites ASA,HEX,0.004%
Inwido AB (publ),INWI,0.004%
Aston Martin Lagonda Global Holdings PLC,AML,0.004%
Inter Cars SA,CAR,0.004%
Enea SA,ENA,0.0039%
Hoist Finance AB (publ),HOFI,0.0039%
Oncopeptides AB,ONCO,0.0038%
Credito Emiliano SpA,CE,0.0038%
SOL SpA,SOL,0.0038%
Metro Bank PLC,MTRO,0.0038%
Protector Forsikring ASA,PROTCT,0.0038%
Axel Springer SE,SPR,0.0038%
Eurocash SA,EUR,0.0038%
Aker Solutions ASA,AKSO,0.0037%
Karnov Group AB (publ),KAR,0.0037%
Danieli & C Officine Meccaniche SpA,DANR,0.0037%
Palfinger AG,PAL,0.0037%
Halfords Group PLC,HFD,0.0037%
Banca IFIS SpA,IF,0.0037%
Data Respons ASA,DAT,0.0036%
Fjordkraft Holding ASA,FKRAFT,0.0036%
MAN SE,MAN,0.0036%
Mekonomen AB,MEKO,0.0036%
Knowit AB (publ),KNOW,0.0036%
Hoivatilat Oyj,HOIVA,0.0036%
Corem Property Group AB,CORE.B,0.0036%
Qt Group Oyj,QTCOM,0.0036%
Stora Enso Oyj,STEAV,0.0036%
Dampskibsselskabet Norden A/S,DNORD,0.0036%
Genel Energy PLC,GENL,0.0036%
Tobii AB,TOBII,0.0036%
Xvivo Perfusion AB,XVIVO,0.0035%
Ascencio SCA,ASC,0.0035%
Svenska Handelsbanken AB,SHB.B,0.0035%
Sagax AB,SAGA.D,0.0035%
Leoni AG,LEO,0.0035%
Wirtualna Polska Holding SA,WPL,0.0034%
CapMan Oyj,CAPMAN,0.0034%
SAS AB,SAS,0.0034%
Finnair Plc,FIA1S,0.0034%
Sipef NV,SIP,0.0034%
OVS SpA,OVS,0.0034%
Ambea AB (publ),AMBEA,0.0034%
Basware Oyj,BAS1V,0.0034%
Bufab AB (publ),BUFAB,0.0033%
FILA Fabbrica Italiana Lapis ed Affini SpA,FILA,0.0033%
Immobiliare Grande Distribuzione SIIQ SpA,IGD,0.0033%
Juventus FC SpA,JUVE,0.0033%
BioArctic AB,BIOA.B,0.0032%
Shelf Drilling Ltd,SHLF,0.0032%
Ponsse Oyj,PON1V,0.0032%
Stolt-Nielsen Ltd,SNI,0.0032%
Nilfisk Holding A/S,NLFSK,0.0032%
OEM International AB,OEM.B,0.0032%
Bouvet ASA,BOUVET,0.0032%
Tethys Oil AB,TETY,0.0031%
Econocom Group SE,ECONB,0.0031%
Evs Broadcast Equipment SA,EVS,0.0031%
Semapa Sociedade de Investimento e Gestao SGPS SA,SEM,0.0031%
Ion Beam Applications SA,IBAB,0.0031%
Cementir Holding NV,CEM,0.003%
Flughafen Wien AG,FLU,0.003%
Ocean Yield ASA,OCY,0.003%
Momentum Group AB,MMGR.B,0.003%
Sparebanken Vest,SVEG,0.003%
HEBA Fastighets AB,HEBA.B,0.0029%
Alma Media Oyj,ALMA,0.0029%
F-Secure Oyj,FSC1V,0.0029%
B2holding ASA,B2H,0.0029%
VBG Group AB (publ),VBG.B,0.0028%
Wallenius Wilhelmsen ASA,WALWIL,0.0028%
Odfjell Drilling Ltd,ODL,0.0028%
HiQ International AB,HIQ,0.0027%
Jastrzebska Spolka Weglowa SA,JSW,0.0027%
Develia SA,DVL,0.0027%
RaySearch Laboratories AB (publ),RAY.B,0.0027%
Immunovia AB (publ),IMMNOV,0.0026%
Sparebanken More,MORG,0.0026%
AB Skf,SKF.A,0.0026%
Zumtobel Group AG,ZAG,0.0026%
Gielda Papierow Wartosciowych w Warszawie SA,GPW,0.0026%
IAR Systems Group AB,IAR.B,0.0026%
Avance Gas Holding Ltd,AVANCE,0.0026%
Biocartis Group NV,BCART,0.0026%
Famur SA,FMF,0.0025%
Medistim ASA,MEDI,0.0024%
B&S Group SA,BSGR,0.0024%
Bittium Oyj,BITTI,0.0024%
Arnoldo Mondadori Editore SpA,MN,0.0024%
New Wave Group AB,NEWA.B,0.0024%
FACC AG,FACC,0.0024%
Wilh Wilhelmsen Holding ASA,WWI,0.0024%
Hansa Biopharma AB,HNSA,0.0024%
Collector AB,COLL,0.0024%
Avio SpA,AVIO,0.0023%
Boozt AB,BOOZT,0.0023%
Oriola Oyj,OKDBV,0.0023%
Norwegian Property ASA,NPRO,0.0023%
Nordic Waterproofing Holding A/S,NWG,0.0023%
Rovio Entertainment Oyj,ROVIO,0.0022%
Midsona AB,MSON.B,0.0022%
Axactor SE,AXA,0.0022%
Amica SA,AMC,0.0021%
NRC Group ASA,NRC,0.0021%
CIR Compagnie Industriali Riunite SpA,CIR,0.0021%
Kongsberg Automotive ASA,KOA,0.0021%
Echo Investment SA,ECH,0.0021%
Karo Pharma AB,KARO,0.0021%
Samhallsbyggnadsbolaget I Norden AB,SBB.D,0.002%
Salini Impregilo SpA,SAL,0.002%
Otello Corporation ASA,OTELLO,0.002%
Comarch SA,CMR,0.002%
Aspo Plc,ASPO,0.002%
Galliford Try PLC,GFRD,0.0019%
Crayon Group Holding ASA,CRAYON,0.0019%
Altia Oyj,ALTIA,0.0019%
Bergman & Beving AB,BERG.B,0.0019%
Porr AG,POS,0.0019%
11 Bit Studios SA,11B,0.0019%
Pareto Bank ASA,PARB,0.0018%
Self Storage Group ASA,SSG,0.0018%
Kitron ASA,KIT,0.0018%
Husqvarna AB,HUSQ.A,0.0018%
Neuca SA,NEU,0.0018%
Haldex AB,HLDX,0.0018%
VRG SA,VRG,0.0017%
Orbis SA,ORB,0.0017%
Komplett Bank ASA,KOMP,0.0017%
Catena Media PLC,CTM,0.0017%
Eltel AB,ELTEL,0.0017%
Wilh Wilhelmsen Holding ASA,WWIB,0.0017%
American Shipping Company ASA,AMSC,0.0016%
RAK Petroleum PLC,RAKP,0.0015%
Sparebank 1 BV,SBVG,0.0015%
Multiconsult ASA,MULTI,0.0015%
Fjord1 ASA,FJORD,0.0015%
Mota Engil SGPS SA,EGL,0.0015%
Seadrill Ltd,SDRL,0.0015%
Livechat Software SA,LVC,0.0015%
PKP Cargo SA,PKP,0.0015%
Asseco South Eastern Europe SA,ASE,0.0014%
Northern Drilling Ltd,NODL,0.0014%
Sandnes Sparebank,SADG,0.0014%
Hoegh LNG Holdings Ltd,HLNG,0.0014%
Panoro Energy ASA,PEN,0.0014%
XXL ASA,XXL,0.0014%
Nordic Nanovector ASA,NANO,0.0014%
Probi AB,PROB,0.0013%
Infant Bacterial Therapeutics AB,IBT.B,0.0013%
Kvaerner ASA,KVAER,0.0013%
Akastor ASA,AKA,0.0013%
Mennica Polska SA,MNC,0.0012%
Asseco Business Solutions SA,ABS,0.0012%
Apator SA,APT,0.0012%
Playway SA,PLW,0.0012%
Arcus ASA,ARCUS,0.0012%
MPC Container Ships ASA,MPCC,0.0011%
Afarak Group Plc,AFAGR,0.0011%
Sanok Rubber Company SA,SNK,0.0011%
Fabryki Mebli Forte SA,FTE,0.001%
Lubelski Wegiel Bogdanka SA,LWB,0.001%
Agora SA,AGO,0.001%
Netia SA,NET,0.001%
Enter Air SA,ENT,0.0009%
AC SA,ACG,0.0009%
Ryvu Therapeutics SA,RVU,0.0009%
Stalprodukt SA,STP,0.0009%
Polenergia SA,PEP,0.0009%
MLP Group SA,MLG,0.0008%
Magseis Fairfield ASA,MSEIS,0.0008%
Boryszew SA,BRS,0.0008%
Fabryka Farb i Lakierow Sniezka SA,SKA,0.0008%
Auto Partner SA,APR,0.0007%
AB SA,ABE,0.0007%
Rainbow Tours SA,RBW,0.0007%
Stalexport Autostrady SA,STX,0.0007%
Bank Ochrony Srodowiska SA,BOS,0.0006%
Polski Bank Komorek Macierzystych SA,BKM,0.0006%
Atal SA,1AT,0.0006%
Comp SA,CMP,0.0006%
PCC Rokita SA,PCR,0.0005%
Selvita SA,SLV,0.0005%
Zespol Elektrowni Patnow Adamow Konin SA,ZEP,0.0005%
Zespol Elektrocieplowni Wroclawskich Kogeneracja SA,KGN,0.0005%
Elemental Holding SA,EMT,0.0005%
Firma Oponiarska Debica SA,DBC,0.0004%
Polimex Mostostal SA,PXM,0.0004%
Bioton SA,BIO,0.0004%
Mangata Holding SA,MGT,0.0004%
Ambra SA,AMB,0.0004%
Wielton SA,WLT,0.0003%
Getin Noble Bank SA,GNB,0.0003%
Getin Holding SA,GTN,0.0003%
MCI Capital SA,MCI,0.0003%
Poznanska Korporacja Budowlana Pekabex SA,PBX,0.0002%
Polnord SA,PND,0.0002%
Zaklady Tluszczowe Kruszwica SA,KSW,0.0002%
Medicalgorithmics SA,MDG,0.0002%
